[
    {
        "id": 1,
        "titre": "Acheter une maison",
        "description": "Projet Terminee",
        "priorite": "moyenne",
        "statut": "terminée",
        "dateCreation": "A Faire",
        "dateLimite": "2026-02-02",
        "responsable": "Mlle Cisse "
    },
    {
        "id": 2,
        "titre": "Devollepeur de foctions ",
        "description": "Projet",
        "priorite": "haute",
        "statut": "à faire",
        "dateCreation": "2026-02-02 22:24:43",
        "dateLimite": "2026-02-21",
        "responsable": "Laye Diockou"
    },
    {
        "id": 3,
        "titre": "sejour",
        "description": "",
        "priorite": "haute",
        "statut": "en cours",
        "dateCreation": "2026-02-02 22:28:02",
        "dateLimite": "2026-02-28",
        "responsable": "Fatou Cissé"
    },
    {
        "id": 4,
        "titre": "residence",
        "description": "a faire",
        "priorite": "haute",
        "statut": "à faire",
        "dateCreation": "2026-02-02 22:31:19",
        "dateLimite": "2026-02-02",
        "responsable": "Coumba Niang"
    }
]